<?xml version="1.0" encoding="UTF-8"?>
<export version="D">
  <design>
    <source>G:\VolumeKnob\VolumeKnob.sch</source>
    <date>30.11.2021 16:29:37</date>
    <tool>Eeschema (5.1.10)-1</tool>
    <sheet number="1" name="/" tstamps="/">
      <title_block>
        <title/>
        <company/>
        <rev/>
        <date/>
        <source>VolumeKnob.sch</source>
        <comment number="1" value=""/>
        <comment number="2" value=""/>
        <comment number="3" value=""/>
        <comment number="4" value=""/>
      </title_block>
    </sheet>
  </design>
  <components>
    <comp ref="R1">
      <value>10 kΩ </value>
      <footprint>Resistor_THT:R_Axial_DIN0207_L6.3mm_D2.5mm_P10.16mm_Horizontal</footprint>
      <datasheet>~</datasheet>
      <libsource lib="Device" part="R" description="Resistor"/>
      <sheetpath names="/" tstamps="/"/>
      <tstamp>619367C5</tstamp>
    </comp>
    <comp ref="U1">
      <value>ProMicro</value>
      <footprint>promicro:ProMicro-NoSilk</footprint>
      <libsource lib="VolumeKnob-rescue" part="ProMicro-promicro" description=""/>
      <sheetpath names="/" tstamps="/"/>
      <tstamp>6192481E</tstamp>
    </comp>
    <comp ref="SW1">
      <value>Rotary_Encoder_Switch</value>
      <footprint>Rotary_Encoder:RotaryEncoder_Alps_EC12E-Switch_Vertical_H20mm</footprint>
      <datasheet>~</datasheet>
      <libsource lib="Device" part="Rotary_Encoder_Switch" description="Rotary encoder, dual channel, incremental quadrate outputs, with switch"/>
      <sheetpath names="/" tstamps="/"/>
      <tstamp>61925A37</tstamp>
    </comp>
    <comp ref="D1">
      <value>SK6812</value>
      <footprint>LED_SMD:LED_SK6812_PLCC4_5.0x5.0mm_P3.2mm</footprint>
      <datasheet>https://cdn-shop.adafruit.com/product-files/1138/SK6812+LED+datasheet+.pdf</datasheet>
      <fields>
        <field name="LSCS">C2761795</field>
      </fields>
      <libsource lib="LED" part="SK6812" description="RGB LED with integrated controller"/>
      <sheetpath names="/" tstamps="/"/>
      <tstamp>619515CD</tstamp>
    </comp>
    <comp ref="D2">
      <value>SK6812</value>
      <footprint>LED_SMD:LED_SK6812_PLCC4_5.0x5.0mm_P3.2mm</footprint>
      <datasheet>https://cdn-shop.adafruit.com/product-files/1138/SK6812+LED+datasheet+.pdf</datasheet>
      <fields>
        <field name="LSCS">C2761795</field>
      </fields>
      <libsource lib="LED" part="SK6812" description="RGB LED with integrated controller"/>
      <sheetpath names="/" tstamps="/"/>
      <tstamp>6195611C</tstamp>
    </comp>
    <comp ref="D3">
      <value>SK6812</value>
      <footprint>LED_SMD:LED_SK6812_PLCC4_5.0x5.0mm_P3.2mm</footprint>
      <datasheet>https://cdn-shop.adafruit.com/product-files/1138/SK6812+LED+datasheet+.pdf</datasheet>
      <fields>
        <field name="LSCS">C2761795</field>
      </fields>
      <libsource lib="LED" part="SK6812" description="RGB LED with integrated controller"/>
      <sheetpath names="/" tstamps="/"/>
      <tstamp>61956A25</tstamp>
    </comp>
    <comp ref="D4">
      <value>SK6812</value>
      <footprint>LED_SMD:LED_SK6812_PLCC4_5.0x5.0mm_P3.2mm</footprint>
      <datasheet>https://cdn-shop.adafruit.com/product-files/1138/SK6812+LED+datasheet+.pdf</datasheet>
      <fields>
        <field name="LSCS">C2761795</field>
      </fields>
      <libsource lib="LED" part="SK6812" description="RGB LED with integrated controller"/>
      <sheetpath names="/" tstamps="/"/>
      <tstamp>619575E3</tstamp>
    </comp>
    <comp ref="D5">
      <value>SK6812</value>
      <footprint>LED_SMD:LED_SK6812_PLCC4_5.0x5.0mm_P3.2mm</footprint>
      <datasheet>https://cdn-shop.adafruit.com/product-files/1138/SK6812+LED+datasheet+.pdf</datasheet>
      <fields>
        <field name="LSCS">C2761795</field>
      </fields>
      <libsource lib="LED" part="SK6812" description="RGB LED with integrated controller"/>
      <sheetpath names="/" tstamps="/"/>
      <tstamp>6195C823</tstamp>
    </comp>
    <comp ref="D6">
      <value>SK6812</value>
      <footprint>LED_SMD:LED_SK6812_PLCC4_5.0x5.0mm_P3.2mm</footprint>
      <datasheet>https://cdn-shop.adafruit.com/product-files/1138/SK6812+LED+datasheet+.pdf</datasheet>
      <fields>
        <field name="LSCS">C2761795</field>
      </fields>
      <libsource lib="LED" part="SK6812" description="RGB LED with integrated controller"/>
      <sheetpath names="/" tstamps="/"/>
      <tstamp>6195C82A</tstamp>
    </comp>
    <comp ref="D7">
      <value>SK6812</value>
      <footprint>LED_SMD:LED_SK6812_PLCC4_5.0x5.0mm_P3.2mm</footprint>
      <datasheet>https://cdn-shop.adafruit.com/product-files/1138/SK6812+LED+datasheet+.pdf</datasheet>
      <fields>
        <field name="LSCS">C2761795</field>
      </fields>
      <libsource lib="LED" part="SK6812" description="RGB LED with integrated controller"/>
      <sheetpath names="/" tstamps="/"/>
      <tstamp>6195C830</tstamp>
    </comp>
    <comp ref="D8">
      <value>SK6812</value>
      <footprint>LED_SMD:LED_SK6812_PLCC4_5.0x5.0mm_P3.2mm</footprint>
      <datasheet>https://cdn-shop.adafruit.com/product-files/1138/SK6812+LED+datasheet+.pdf</datasheet>
      <fields>
        <field name="LSCS">C2761795</field>
      </fields>
      <libsource lib="LED" part="SK6812" description="RGB LED with integrated controller"/>
      <sheetpath names="/" tstamps="/"/>
      <tstamp>6195C836</tstamp>
    </comp>
  </components>
  <libparts>
    <libpart lib="Device" part="R">
      <description>Resistor</description>
      <docs>~</docs>
      <footprints>
        <fp>R_*</fp>
      </footprints>
      <fields>
        <field name="Reference">R</field>
        <field name="Value">R</field>
      </fields>
      <pins>
        <pin num="1" name="~" type="passive"/>
        <pin num="2" name="~" type="passive"/>
      </pins>
    </libpart>
    <libpart lib="Device" part="Rotary_Encoder_Switch">
      <description>Rotary encoder, dual channel, incremental quadrate outputs, with switch</description>
      <docs>~</docs>
      <footprints>
        <fp>RotaryEncoder*Switch*</fp>
      </footprints>
      <fields>
        <field name="Reference">SW</field>
        <field name="Value">Rotary_Encoder_Switch</field>
      </fields>
      <pins>
        <pin num="A" name="A" type="passive"/>
        <pin num="B" name="B" type="passive"/>
        <pin num="C" name="C" type="passive"/>
        <pin num="S1" name="S1" type="passive"/>
        <pin num="S2" name="S2" type="passive"/>
      </pins>
    </libpart>
    <libpart lib="LED" part="SK6812">
      <description>RGB LED with integrated controller</description>
      <docs>https://cdn-shop.adafruit.com/product-files/1138/SK6812+LED+datasheet+.pdf</docs>
      <footprints>
        <fp>LED*SK6812*PLCC*5.0x5.0mm*P3.2mm*</fp>
      </footprints>
      <fields>
        <field name="Reference">D</field>
        <field name="Value">SK6812</field>
        <field name="Footprint">LED_SMD:LED_SK6812_PLCC4_5.0x5.0mm_P3.2mm</field>
      </fields>
      <pins>
        <pin num="1" name="VSS" type="power_in"/>
        <pin num="2" name="DIN" type="input"/>
        <pin num="3" name="VDD" type="power_in"/>
        <pin num="4" name="DOUT" type="output"/>
      </pins>
    </libpart>
    <libpart lib="VolumeKnob-rescue" part="ProMicro-promicro">
      <fields>
        <field name="Reference">U</field>
        <field name="Value">ProMicro-promicro</field>
      </fields>
      <pins>
        <pin num="1" name="TX" type="BiDi"/>
        <pin num="2" name="RX" type="BiDi"/>
        <pin num="3" name="GND" type="power_in"/>
        <pin num="4" name="GND" type="power_in"/>
        <pin num="5" name="SDA" type="BiDi"/>
        <pin num="6" name="SCL" type="BiDi"/>
        <pin num="7" name="D4" type="BiDi"/>
        <pin num="8" name="C6" type="BiDi"/>
        <pin num="9" name="D7" type="BiDi"/>
        <pin num="10" name="E6" type="BiDi"/>
        <pin num="11" name="B4" type="BiDi"/>
        <pin num="12" name="B5" type="BiDi"/>
        <pin num="13" name="B6" type="BiDi"/>
        <pin num="14" name="B2" type="BiDi"/>
        <pin num="15" name="B3" type="BiDi"/>
        <pin num="16" name="B1" type="BiDi"/>
        <pin num="17" name="F7" type="BiDi"/>
        <pin num="18" name="F6" type="BiDi"/>
        <pin num="19" name="F5" type="BiDi"/>
        <pin num="20" name="F4" type="BiDi"/>
        <pin num="21" name="VCC" type="power_in"/>
        <pin num="22" name="RST" type="input"/>
        <pin num="23" name="GND" type="power_in"/>
        <pin num="24" name="RAW" type="power_out"/>
      </pins>
    </libpart>
  </libparts>
  <libraries>
    <library logical="Device">
      <uri>D:\Programms\KiCad\share\kicad\library/Device.lib</uri>
    </library>
    <library logical="LED">
      <uri>D:\Programms\KiCad\share\kicad\library/LED.lib</uri>
    </library>
    <library logical="VolumeKnob-rescue">
      <uri>G:\VolumeKnob/VolumeKnob-rescue.lib</uri>
    </library>
  </libraries>
  <nets>
    <net code="1" name="Net-(D8-Pad4)">
      <node ref="D8" pin="4"/>
    </net>
    <net code="2" name="Net-(D7-Pad4)">
      <node ref="D8" pin="2"/>
      <node ref="D7" pin="4"/>
    </net>
    <net code="3" name="Net-(D6-Pad4)">
      <node ref="D6" pin="4"/>
      <node ref="D7" pin="2"/>
    </net>
    <net code="4" name="VCC">
      <node ref="D4" pin="3"/>
      <node ref="D1" pin="3"/>
      <node ref="U1" pin="21"/>
      <node ref="D2" pin="3"/>
      <node ref="D3" pin="3"/>
      <node ref="R1" pin="2"/>
      <node ref="D6" pin="3"/>
      <node ref="D5" pin="3"/>
      <node ref="D7" pin="3"/>
      <node ref="D8" pin="3"/>
    </net>
    <net code="5" name="Net-(D5-Pad4)">
      <node ref="D5" pin="4"/>
      <node ref="D6" pin="2"/>
    </net>
    <net code="6" name="Net-(D4-Pad4)">
      <node ref="D5" pin="2"/>
      <node ref="D4" pin="4"/>
    </net>
    <net code="7" name="Net-(D3-Pad4)">
      <node ref="D3" pin="4"/>
      <node ref="D4" pin="2"/>
    </net>
    <net code="8" name="GND">
      <node ref="U1" pin="23"/>
      <node ref="D2" pin="1"/>
      <node ref="D1" pin="1"/>
      <node ref="SW1" pin="S1"/>
      <node ref="SW1" pin="C"/>
      <node ref="D3" pin="1"/>
      <node ref="D8" pin="1"/>
      <node ref="D5" pin="1"/>
      <node ref="D6" pin="1"/>
      <node ref="D4" pin="1"/>
      <node ref="D7" pin="1"/>
    </net>
    <net code="9" name="Net-(D2-Pad4)">
      <node ref="D2" pin="4"/>
      <node ref="D3" pin="2"/>
    </net>
    <net code="10" name="Net-(D1-Pad4)">
      <node ref="D1" pin="4"/>
      <node ref="D2" pin="2"/>
    </net>
    <net code="11" name="Net-(U1-Pad20)">
      <node ref="U1" pin="20"/>
    </net>
    <net code="12" name="Net-(U1-Pad7)">
      <node ref="U1" pin="7"/>
    </net>
    <net code="13" name="Net-(U1-Pad6)">
      <node ref="U1" pin="6"/>
    </net>
    <net code="14" name="ButtonR">
      <node ref="U1" pin="5"/>
      <node ref="SW1" pin="S2"/>
      <node ref="R1" pin="1"/>
    </net>
    <net code="15" name="Net-(U1-Pad4)">
      <node ref="U1" pin="4"/>
    </net>
    <net code="16" name="Net-(U1-Pad3)">
      <node ref="U1" pin="3"/>
    </net>
    <net code="17" name="Net-(U1-Pad24)">
      <node ref="U1" pin="24"/>
    </net>
    <net code="18" name="Net-(U1-Pad22)">
      <node ref="U1" pin="22"/>
    </net>
    <net code="19" name="Net-(U1-Pad2)">
      <node ref="U1" pin="2"/>
    </net>
    <net code="20" name="Net-(U1-Pad19)">
      <node ref="U1" pin="19"/>
    </net>
    <net code="21" name="Net-(U1-Pad18)">
      <node ref="U1" pin="18"/>
    </net>
    <net code="22" name="Net-(U1-Pad17)">
      <node ref="U1" pin="17"/>
    </net>
    <net code="23" name="Net-(U1-Pad16)">
      <node ref="U1" pin="16"/>
    </net>
    <net code="24" name="Net-(U1-Pad15)">
      <node ref="U1" pin="15"/>
    </net>
    <net code="25" name="Net-(U1-Pad14)">
      <node ref="U1" pin="14"/>
    </net>
    <net code="26" name="Net-(U1-Pad13)">
      <node ref="U1" pin="13"/>
    </net>
    <net code="27" name="Net-(U1-Pad12)">
      <node ref="U1" pin="12"/>
    </net>
    <net code="28" name="Net-(U1-Pad11)">
      <node ref="U1" pin="11"/>
    </net>
    <net code="29" name="Net-(U1-Pad1)">
      <node ref="U1" pin="1"/>
    </net>
    <net code="30" name="DIN">
      <node ref="D1" pin="2"/>
      <node ref="U1" pin="10"/>
    </net>
    <net code="31" name="C6">
      <node ref="U1" pin="8"/>
      <node ref="SW1" pin="B"/>
    </net>
    <net code="32" name="D7">
      <node ref="SW1" pin="A"/>
      <node ref="U1" pin="9"/>
    </net>
  </nets>
</export>
